timestamp,author,created_utc,domain,media_embed,num_comments,score,selftext,subreddit,title,daily
2016-11-08 16:55:48,gussuk25,1478624148,self.wallstreetbets,{},2,1,[removed],wallstreetbets,HTZ you autistic bastards,2016-11-08
2016-11-08 17:01:43,Stoudi1,1478624503,self.wallstreetbets,{},15,3,Get in sell tomorrow!,wallstreetbets,HTZ guidance hacked $30 PT,2016-11-08
2016-11-09 16:16:02,FatHeadChrisMatthews,1478708162,self.wallstreetbets,{},0,1,"[nope](http://imgur.com/a/b6qwq)

Thanks Trump? or my man Carl Icahn..one of them i guess...",wallstreetbets,"Wow..after the markets plunged during the night, i thought i would be ruined for holding $HTZ over night",2016-11-09
2016-11-10 21:56:28,Stoudi1,1478814988,self.wallstreetbets,{},0,1,[removed],wallstreetbets,Shout out to those who took my advice on TRIL and HTZ,2016-11-10
2017-05-08 21:23:20,d1nny,1494275000,self.wallstreetbets,{},12,8,"Wasnt confident enough to go heavy on this one and only sold a couple of the 17.5 calls.

Down 13% atm in ah

Edit: now 15%",wallstreetbets,Butt$HTZ missed on earnings,2017-05-08
2017-05-11 16:28:05,[deleted],1494516485,i.redd.it,{},0,1,[deleted],wallstreetbets,$HTZ Bag Holder Checking In!,2017-05-11
2017-05-12 17:08:27,[deleted],1494605307,self.wallstreetbets,{},0,1,[removed],wallstreetbets,I can't drop the bag.. $HTZ,2017-05-12
2017-06-04 01:25:02,loveCars,1496535902,twitter.com,{},51,101,,wallstreetbets,Hertz Hourly Rental Van used in London Terror Attack - Short HTZ.,2017-06-04
2017-06-13 16:15:30,[deleted],1497366930,self.wallstreetbets,{},8,1,[deleted],wallstreetbets,Wtf is going on with HTZ,2017-06-13
2017-06-27 01:29:04,HappyCamper1980,1498523344,self.wallstreetbets,{},8,20,"HTZ (also known as Butt Hertz) gained  117M in market cap today when AAPL announced they are **leasing six cars from a Hertz subsidiary for autonomous software testing**  DD: Lexus SUV is 90$/day @ SJC x365 x 6 cars =197K, margin in car rental ~1% = $1,970.  Paying 117M (13%) in market cap for 197k in revenues (.00985% of current) or .00002 of a cent EPS is probably something you can safely short. 

*We now return you to your regularly scheduled RAD programming*",wallstreetbets,Who are these retards in HTZ? (Short),2017-06-27
2017-07-13 16:18:50,shortymcsteve,1499959130,self.wallstreetbets,{},7,8,I've been watching this thing plummet for the last year. Now it's up 25% since Monday but I can't find any news. Anyone know what's up?,wallstreetbets,What's going on with HTZ?? ðŸš€,2017-07-13
2017-07-31 14:27:20,mr_j_b,1501507640,i.redd.it,{},3,2,,wallstreetbets,Research: $DVAX $XXII $SOHU $CGTR $SSW $NVIV $CLVS $HTZ $MO,2017-07-31
2017-08-08 21:08:01,autisticamish,1502222881,self.wallstreetbets,,4,1,"$HTZ EARNINGS THREAD: Q2 Revenue, $2.2B vs. $2.22B expected, Q2 Adjusted Earnings Per Share (EPS) misses estimates, ($0.63) vs. ($0.18) expected",wallstreetbets,"$HTZ EARNINGS THREAD: Q2 Revenue, $2.2B vs. $2.22B expected, Q2 Adjusted Earnings Per Share (EPS) misses estimates, ($0.63) vs. ($0.18) expected",2017-08-08
2017-09-15 11:37:12,Dibo180,1505471832,self.wallstreetbets,,1,1,"It's going to $20 today bruhh, also still long EFX, breaking $100 today. I'll be disappointed with anything less.",wallstreetbets,"Short HTZ, still long EFX",2017-09-15
2018-05-08 15:42:32,replacebyfee,1525790552,self.wallstreetbets,,1,0,Holy shit I'm a trading genius!,wallstreetbets,Accidentally bought a put on Hertz (HTZ) yesterday instead of selling it,2018-05-08
2018-05-09 18:17:29,fulorange,1525886249,self.wallstreetbets,,2,0,When do you guys think the HTZ hurt will end? Dead cat bounce or no? I have no position,wallstreetbets,Hertz Hurt (HTZ),2018-05-09
2018-08-08 02:49:10,Motivated_Turtle,1533692950,i.redd.it,,5,11,,wallstreetbets,$HTZ +24% anyone trading its steep peaks?,2018-08-08
2019-07-27 05:20:02,suckmycalls,1564201202,self.wallstreetbets,,6,1,"Check out the 1 yr chart - This thing is range bound between $15 and $19.   EZ 20% gains every few months, just ride the wave.

Buy signal was Wednesday, I got in today.",wallstreetbets,Trading Hertz ($HTZ),2019-07-27
2019-08-05 22:53:00,matthew171717,1565041980,i.redd.it,,0,1,,wallstreetbets,Anyone else looking at HTZ ? Thinking about picking up some 9/13 $16 calls .,2019-08-05
2020-02-25 19:29:36,TOADSTOOL__SURPRISE,1582658976,i.redd.it,,0,1,,wallstreetbets,Had $37 in my account when I checked Robinhood last week. $SPCE calls and $HTZ puts ðŸ”¥,2020-02-25
2020-03-05 17:54:00,TOADSTOOL__SURPRISE,1583430840,i.redd.it,,0,1,,wallstreetbets,$67 last month to $7600 on CCL HTZ and WYNN puts,2020-03-05
2020-03-16 02:01:37,ThePnuts,1584324097,i.imgur.com,,22,1,,wallstreetbets,"Bloody Monday! Puts on DIS, HTZ, CCL, LVS, ARMK, RCL, BAC, NKE and SPY",2020-03-16
2020-03-17 20:12:41,kjimbro,1584475961,i.redd.it,,0,1,,wallstreetbets,This has to be a RH glitch. Bought this as a last minute joke for $0.15. 2p 3/27 HTZ,2020-03-17
2020-03-17 21:05:19,[deleted],1584479119,imgur.com,"{'content': '&lt;iframe class=""embedly-embed"" src=""https://cdn.embedly.com/widgets/media.html?src=https%3A%2F%2Fimgur.com%2Fa%2FGXpi7Og%2Fembed%3Fpub%3Dtrue%26ref%3Dhttps%253A%252F%252Fembed.ly%26w%3D750&amp;display_name=Imgur&amp;url=https%3A%2F%2Fimgur.com%2Fa%2FGXpi7Og&amp;image=https%3A%2F%2Fi.imgur.com%2FNkkoj7l.jpg%3Ffb&amp;key=ed8fa8699ce04833838e66ce79ba05f1&amp;type=text%2Fhtml&amp;schema=imgur"" width=""600"" height=""1115"" scrolling=""no"" title=""Imgur embed"" frameborder=""0"" allow=""autoplay; fullscreen"" allowfullscreen=""true""&gt;&lt;/iframe&gt;', 'height': 1115, 'scrolling': False, 'width': 600}",0,1,[deleted],wallstreetbets,This has to be a RH glitch right? HTZ 2P 3/27 jumped from $0.15 to $2.30 right at close.,2020-03-17
2020-04-06 06:23:45,WSB_69420,1586150625,cnn.com,,0,1,,wallstreetbets,HTZ &amp; CAR lose 3K in Inventory,2020-04-06
2020-04-16 16:07:15,[deleted],1587049635,self.wallstreetbets,,1,2,[deleted],wallstreetbets,HTZ hedging against potential credit exposure,2020-04-16
2020-05-02 05:01:41,objectivedirections,1588392101,self.wallstreetbets,,5,1,"Apparently, we're finding out this week if HTZ is getting bailed out or not.

$10 october calls are trading at dirt cheap, could be an easy yolo. I have a hard time believing HTZ will die.


Thoughts?",wallstreetbets,HTZ Yolo make or die on monday.,2020-05-02
2020-05-03 20:08:33,ShhhWNBAIsOn,1588532913,self.wallstreetbets,,92,1,"CAR reported itâ€™s revenue for April was down 80% from same time last year. I imagine once we see HTZ earnings they will fall between 65-75%, not quite as high as CAR. 

HTZ is a big player in the airport segment but also has replacement business at their local levels propping them up, where CAR is pretty much strictly limited to corporate and retail business. Thatâ€™s why I think they will get hit harder with negative growth. 

However, HTZ is in big trouble due to missed lease payments on April 27. They have until tomorrow to come up with a way to pay. Unfortunately, they canâ€™t just sell the cars because every dealership across the nation is closed and buyer demand is gone. They have no way to offload their inventory. They are heavily considering filing for bankruptcy after hiring corporate restructuring consultants. 

I know youâ€™re thinking they have fallen quite a bit and all this is already priced in after CAR reported itâ€™s earnings. But, if you look at CAR guidance, they think they are going to get even harder in the coming months even with reopenings in place. Along with this, Buffet announced he pulled out of airlines, I think we see these stocks follow another decline with the the airlines as they rely on the airport business to stay afloat. 

If you have driven past any of these companies local stores, you will see theyâ€™re loaded to the tits with cars and they are paying for space off site for all the other cars they canâ€™t hold on site. Side note to this: there was recently a large fire for one of these off site lots that caused a ton of damage to inventory. Projected at a $90 million loss for the three top dogs but HTZ got hit hardest. Most people think theyâ€™re backed by insurance but theyâ€™re self-insured, so this is a huge loss on top of the missed revenue. 

On top of all of this bad news, HTZ isnâ€™t even a strong company to begin with. 

I donâ€™t see these companies weathering this storm without a bailout, but what do I know Iâ€™m retarded. 

HTZ 4p 7/17",wallstreetbets,HTZ &amp; CAR potentially in big trouble,2020-05-03
2020-05-04 22:32:03,random_account_2017,1588627923,i.redd.it,,8,1,,wallstreetbets,I bought HTZ at 3.50,2020-05-04
2020-05-04 23:21:13,deadeffect2,1588630873,self.wallstreetbets,,9,1,Hey what do you guys think about buying puts in hertz they hired another consultant to help file bankruptcy.,wallstreetbets,Hertz (HTZ) down 20% after hours. Buy puts?,2020-05-04
2020-05-05 05:40:42,sushishart,1588653642,google.com,,22,1,,wallstreetbets,How will HTZ avoid bankruptcy?,2020-05-05
2020-05-05 08:14:50,TheCon7022,1588662890,self.wallstreetbets,,0,1,[removed],wallstreetbets,Can someone look at HTZ balance sheet and translate it into English please and thank you,2020-05-05
2020-05-06 17:35:02,mk587,1588782902,self.wallstreetbets,,9,3,"I was browsing bar chart unusual options activity and came across this.
HTZ 1/15/21 1$ put volume of 50,775 at 12:17 ET 

and

HTZ 1/15/21 6$ call volume of 40,583

If someone who isnâ€™t as autistic as me could explain thatâ€™d be great.",wallstreetbets,Unusual Options Activity HERTZ (HTZ),2020-05-06
2020-05-11 20:47:58,[deleted],1589226478,i.redd.it,,4,0,[deleted],wallstreetbets,Theta Yolo? 223 contracts of HTZ 5/15 3p. +4k premium if closes above $3 by Friday,2020-05-11
2020-05-11 20:48:38,gotem232,1589226518,i.redd.it,,18,0,,wallstreetbets,Theta Yolo? 223 contracts of HTZ 5/15 3p. +4k premium if closes above $3 by Friday,2020-05-11
2020-05-16 16:19:55,officespace2020,1589642395,self.wallstreetbets,,0,1,[removed],wallstreetbets,HTZ (please spare me some decency),2020-05-16
2020-05-16 16:25:12,officespace2020,1589642712,self.wallstreetbets,,56,5,I have $10k collateral in October $2p and $1p SOLD on HTZ. This morning someone posted $15k in shares purchased and ruined my Saturday thinking about my shitty HTZ play. They gunna have good news on 5/22 or is this sucker going bankrupt? Should I take a $2k hit and free up $8k to play ball with? Spare me some decency lol,wallstreetbets,HTZ Panic Mode Over 3000,2020-05-16
2020-05-16 18:44:09,LangDang,1589651049,self.wallstreetbets,,4,1,[removed],wallstreetbets,HTZ Jade Lizard - max loss 0 - what's the catch?,2020-05-16
2020-05-19 17:59:52,rykius,1589907592,self.wallstreetbets,,0,1,[removed],wallstreetbets,HTZ we'll ride it to the moon!,2020-05-19
2020-05-20 15:22:20,foxyfox71,1589984540,self.wallstreetbets,,7,1,"Hertz is currently trading at 10% of its pre-COVID highs of $20 and the company recently hired a new CEO to avoid bankruptcy. Here is the news: [Hertz Names New CEO in Midst of Effort to Avoid Bankruptcy](https://finance.yahoo.com/news/hertz-names-ceo-midst-effort-135959784.html)

""When business collapsed due to Covid-19 travel restrictions starting in March, Hertz found itself cutting costs to save cash and make its hefty debt and lease payments. The company got a forbearance on May 4 to avoid liquidation of its cars. Since then, Hertz has been negotiating with lenders to restructure its finances in court or, if need be, potentially file for bankruptcy protection.""

Given that AVIS went up 15% today with anticipation that there will be re-opening, and with summer months ahead of us.... Is it possible that Hertz recovers from this?",wallstreetbets,Chances that Hertz (HTZ) avoids bankruptcy?,2020-05-20
2020-05-21 20:09:21,officespace2020,1590088161,self.wallstreetbets,,72,1,"Panic Post  [https://www.reddit.com/r/wallstreetbets/comments/gkwf8w/htz\_panic\_mode\_over\_3000/](https://www.reddit.com/r/wallstreetbets/comments/gkwf8w/htz_panic_mode_over_3000/) 

Now, I've changed my mind completely and think $HTZ will have established some sort of plan with its lenders tomorrow. To quickly bring you up to speed, Hertz had concerns of going bankrupt and needed an extension to pay off the debt. This extension ends tomorrow 5/22 to pay off some $400m which I think they have the capital to do ([https://finance.yahoo.com/news/hertz-seeks-lender-leniency-faces-110000740.html](https://finance.yahoo.com/news/hertz-seeks-lender-leniency-faces-110000740.html) ). Is anyone else playing this? I could see $HTZ sky rocketing, BIG IF TRUE. How should I play this and are you playing this? I have some $5c 6/19. Thoughts on closer/further exp date, higher/lower strike price? I've never played with fire like this bad boy.",wallstreetbets,$HTZ Panic Guy Checking Back In,2020-05-21
2020-05-22 01:47:05,KingOnAWalk,1590108425,self.wallstreetbets,,0,1,[removed],wallstreetbets,Proud owner of 100 shares of HTZ. Now wtf do I do?,2020-05-22
2020-05-22 12:12:20,officespace2020,1590145940,i.redd.it,,25,1,,wallstreetbets,$HTZ Bankruptcy,2020-05-22
2020-05-22 23:46:00,405sucks,1590187560,i.redd.it,,178,5,,wallstreetbets,Itâ€™s been fun guys. YOLOâ€™d 100% of portfolio on HTZ put credit spreads. They just announced theyâ€™ll be filing for bankruptcy. I guess Iâ€™ll be posting a video of my loss on Market open.,2020-05-22
2020-05-23 02:04:19,potatofan1738,1590195859,self.wallstreetbets,,66,2,"who has 55,000,0000 shares 25% Owner of HTZ  Carl fucking Icahn, a guy who saves companies from going under. 

&amp;#x200B;

You gay bears want us to believe Carl bought more and did not know the future payments to keep HTZ alive, Iâ€™m 100% positive Carl knew every creditor's name and amount owed and due dates when he bought more shares when the entire Business shut down.

&amp;#x200B;

Short sellers are sweating balls waiting for a BK filing, negotiations aren't done.

&amp;#x200B;

HTZ employs over 40k people no way orange man lets this go under

&amp;#x200B;

Only gay bears will short HTZ just like they shorted SPY at 217 and got rocked.

America is reopening and people will rent cars, the worst has passed.

TLDR: Buy shares, this sucker is going right back to $20, MASSIVE SHORT SQUEEZE",wallstreetbets,"$HTZ, the buy of the century",2020-05-23
2020-05-23 03:21:49,knownothing2019,1590200509,self.wallstreetbets,,6,1,Hertz filed for Chapter 11 BK. My calls are dead.,wallstreetbets,HTZ,2020-05-23
2020-05-23 14:24:10,darkspd89,1590240250,self.wallstreetbets,,5,1,"As you may have seen, Hertz filed for bankruptcy yesterday, which means one thing, you have to go all in on calls!!

Fiven they're bankrupt, the price can literally go no lower, there is a floor in place so it is printing money!!
ðŸ’µðŸ’µðŸ’µðŸ’µðŸ’µðŸ’µðŸ’µðŸ’µðŸ’µðŸ’µðŸ’µðŸ’µðŸ’µðŸ’µðŸ’µðŸ’µðŸ’µðŸ’µðŸ’µðŸ’µ",wallstreetbets,HTZ Calls May 29,2020-05-23
2020-05-24 17:20:53,AutisticSavantofWSB,1590337253,i.redd.it,,0,1,,wallstreetbets,"Fellow Autist Here! With HTZ, how much of an idiot am I?",2020-05-24
2020-05-25 17:10:00,mlrgd8,1590423000,i.redd.it,,9,1,,wallstreetbets,when you got puts on HTZ and see itâ€™s down -35% after hours,2020-05-25
2020-05-25 18:03:29,Life-Observer,1590426209,self.wallstreetbets,,7,1,"The FED right now, they are a holder, via BlackRock &amp; via HYG &amp; JNK, of bonds which are in default, which makes the Fed a part of the Hertz post petition equity once it emerges from bankruptcy.

PUT holders might be doomed. Is it time to switch to calls and ride the wave with our buddy Jerome?",wallstreetbets,Calls on Hertz $HTZ for 2021 and beyond.,2020-05-25
2020-05-26 15:12:02,johnnybonchance,1590502322,self.wallstreetbets,,0,1,[removed],wallstreetbets,What happens to HTZ put holders?,2020-05-26
2020-05-26 17:14:38,Be_Kind_To_Strangers,1590509678,self.wallstreetbets,,47,1,"https://www.reddit.com/r/options/comments/gqxydb/hertz_puts/frvg4q6/

""My understanding is that since they're getting delisted you're screwed. The stock effectively doesn't exist anymore, making your put worthless ""

Is this true or not true? I've read both accounts. Either that it's a real contract and that it still can get exercised, or that if the contract expires before it gets moved to pink sheets, you can't exercise since trading is halted unless you already own the shares. Which is it? I know that bankruptcy = max gain for puts, but I'm unsure about how delisting factors in.",wallstreetbets,Is this true or no? HTZ + delisted,2020-05-26
2020-05-26 19:47:26,GatsbyMerch,1590518846,i.redd.it,,56,1,,wallstreetbets,I just lost my tuition money to $HTZ,2020-05-26
2020-05-26 19:58:50,SWCT-sinistera,1590519530,self.wallstreetbets,,19,1,"For those still holding HTZ, it just resumed and the price is dropping fast.",wallstreetbets,HTZ Resumed,2020-05-26
2020-05-27 08:38:28,MomoKisses,1590565108,youtube.com,"{'content': '&lt;iframe width=""600"" height=""338"" src=""https://www.youtube.com/embed/BJ7pRROhJCA?feature=oembed&amp;enablejsapi=1"" frameborder=""0"" allow=""accelerometer; autoplay; encrypted-media; gyroscope; picture-in-picture"" allowfullscreen&gt;&lt;/iframe&gt;', 'height': 338, 'scrolling': False, 'width': 600}",1,1,,wallstreetbets,"Retail investors are just bag holders for the wealthy. ""Don't fight the fed"" is a lie. HTZ case in point",2020-05-27
2020-05-28 02:33:27,dickpal,1590629607,self.wallstreetbets,,4,1,"I think Hertz owners need to get out tomorrow. Itâ€™s reported Icahn exited completely at 72cents/share. 

Should we day trade LAM tomorrow? Canâ€™t go tits up",wallstreetbets,Hertz up 136% today and LAM up 18% AH...will LAM go up crazy tomorrow like HTZ did today?,2020-05-28
2020-05-28 02:42:16,dickpal,1590630136,self.wallstreetbets,,24,1,"I think Hertz owners need to get out tomorrow. Itâ€™s reported Icahn exited completely at 72cents/share. 

Should we day trade LTM tomorrow? Canâ€™t go tits up",wallstreetbets,Hertz up 136% today and Latam Airlines up 18% AH...Will LTM go up crazy like HTZ did go?,2020-05-28
2020-05-28 20:56:45,TradingNeanderthal,1590695805,self.wallstreetbets,,0,1,[removed],wallstreetbets,Who is buying HTZ,2020-05-28
2020-05-29 20:22:22,brettisadick,1590780142,self.wallstreetbets,,0,1,[removed],wallstreetbets,Robinhood screwed me by selling HTZ puts an hour before close,2020-05-29
2020-05-29 20:23:37,brettisadick,1590780217,self.wallstreetbets,,37,2,"What the actual fuck. I had 24 $4P on robinhood expiring 5/29 on Robinhood. They sold them at $2.35 when the stock has been stable at $1. What the actual fuck? I'm out $1440.

&amp;#x200B;

&amp;#x200B;",wallstreetbets,Robinhood fucked me on $HTZ Puts,2020-05-29
2020-05-31 02:22:21,saeed953,1590888141,i.redd.it,,115,1,,wallstreetbets,"Guys, who told you to buy HTZ?",2020-05-31
2020-06-01 00:35:45,[deleted],1590968145,i.imgur.com,,2,1,[deleted],wallstreetbets,"Astronauts Bob Behnken and Doug Hurley arrive on the International Space Station, marking the first time astronauts have entered from a [u]commercial vehicle[/u] (calls on HTZ)",2020-06-01
2020-06-02 05:46:43,ControlAltDelTiddy,1591073203,imgur.com,,7,1,,wallstreetbets,"Calls on HTZ, they're now hiring in risk management!",2020-06-02
2020-06-02 15:17:32,1ceyou,1591107452,self.wallstreetbets,,218,5,"Called the HTZ bankruptcy 
https://www.reddit.com/r/wallstreetbets/comments/gogas7/hertz_bankruptcy_ride_the_dump/

Rode the CAR hype from retail investors, now its time to invite WSB to ride this CAR down a hill to bankruptcy. 


Do you want me to bore with the boring details, 

http://nextnewtech.com/news/avis-budget-group-in-talks-with-bankruptcy-law-firm/0224134

&gt;A Bankruptcy filing may come as soon as Friday. An Avis bankruptcy is inevitable as it would be impossible to compete with Hertz wiped out debt and lower monthly payments. 

CAR 24P 6/17",wallstreetbets,CAR is going down! From Your Friend - HTZ,2020-06-02
2020-06-04 17:35:40,trynawin222,1591288540,self.wallstreetbets,,0,1,[removed],wallstreetbets,Can anyone decipher this HTZ filing,2020-06-04
2020-06-04 19:23:30,ModerationXR,1591295010,self.wallstreetbets,,0,1,[removed],wallstreetbets,HTZ,2020-06-04
2020-06-04 19:48:44,TripleBrain,1591296524,self.wallstreetbets,,4,1,[removed],wallstreetbets,"PLAY, HTZ, LK Incoming Rugpull",2020-06-04
2020-06-04 21:45:04,patrickbateman02,1591303504,self.wallstreetbets,,0,1,[removed],wallstreetbets,Anyone still holding HTZ calls? This just manipulation or anyone have any news that stock might not get wiped out and thus calls still are worth something ?,2020-06-04
2020-06-05 03:16:11,patrickbateman02,1591323371,self.wallstreetbets,,0,1,[removed],wallstreetbets,Anyone still holding HTZ calls? This just manipulation or anyone have any news that stock might not get wiped out and thus calls still are worth something ?,2020-06-05
2020-06-05 14:07:52,mitch8017,1591362472,self.wallstreetbets,,0,1,[removed],wallstreetbets,Thank Christ you guys told me HTZ was in the HTZ,2020-06-05
2020-06-05 14:14:14,Dilly_Dilly_,1591362854,self.wallstreetbets,,0,1,[removed],wallstreetbets,Take the other end of my HTZ and LK shorts,2020-06-05
2020-06-05 14:22:34,gyffin11,1591363354,self.wallstreetbets,,1,1,[removed],wallstreetbets,1 day HTZ. Almost missed the boat,2020-06-05
2020-06-05 15:45:53,iamchairs,1591368353,self.wallstreetbets,,0,1,[removed],wallstreetbets,HTZ Calls Print. +1000% On a Nothing Position,2020-06-05
2020-06-05 16:27:51,Icameforcoffee,1591370871,self.wallstreetbets,,0,1,[removed],wallstreetbets,HTZ...,2020-06-05
2020-06-05 16:35:40,jordanka2000,1591371340,self.wallstreetbets,,0,1,[removed],wallstreetbets,Wtf is HTZ doing?!,2020-06-05
2020-06-05 16:44:04,flamingoinspace,1591371844,self.wallstreetbets,,0,1,[removed],wallstreetbets,Boeing on cocaine today ðŸ¤‘ $BA $AAL $SPY $DIS $LK $HTZ $ZM,2020-06-05
2020-06-05 21:46:37,Andyh10s,1591389997,self.wallstreetbets,,0,1,[removed],wallstreetbets,23 bagger on HTZ,2020-06-05
2020-06-06 02:26:54,J_KingXD12,1591406814,self.wallstreetbets,,0,1,[removed],wallstreetbets,Did we Actually made it? HTZ stock was due to us being autist degenerates:?,2020-06-06
2020-06-07 17:51:33,escortmelaniatrump,1591548693,self.wallstreetbets,,0,1,[removed],wallstreetbets,"If you bought HTZ after bankruptcy announcement, why?",2020-06-07
2020-06-07 21:53:04,ArbitrageurD,1591563184,self.wallstreetbets,,0,1,[removed],wallstreetbets,CHK is the next HTZ,2020-06-07
2020-06-08 01:59:14,whatsasyria,1591577954,self.wallstreetbets,,0,1,[removed],wallstreetbets,"Play of the century, HTZ no options, no risk",2020-06-08
2020-06-08 04:05:28,renob311,1591585528,self.wallstreetbets,,0,1,[removed],wallstreetbets,Anyone retards buying call options on HTZ tomorrow?,2020-06-08
2020-06-08 05:44:54,Andyh10s,1591591494,self.wallstreetbets,,0,1,[removed],wallstreetbets,"Tried for a 10 bagger, was rewarded with a 23 bagger. HTZ",2020-06-08
2020-06-08 15:43:23,blaizebitcoin,1591627403,self.wallstreetbets,,120,108,WHOSE WITH ME,wallstreetbets,Just went all in ($4K) on HTZ 7/2 $.5 Puts,2020-06-08
2020-06-08 17:43:51,masterlich,1591634631,self.wallstreetbets,,1,1,[removed],wallstreetbets,How to (maybe) make money off HTZ bankruptcy,2020-06-08
2020-06-08 17:51:18,[deleted],1591635078,self.wallstreetbets,,1,1,,wallstreetbets,"Just bought $1,500 worth of HTZ at $4.30",2020-06-08
2020-06-08 18:13:43,UBCStudent9929,1591636423,self.wallstreetbets,,0,1,[removed],wallstreetbets,"15000 Robinhood users bought HTZ stock today, bringing it above the price at which it declared bankruptcy",2020-06-08
2020-06-08 18:30:35,UBCStudent9929,1591637435,self.wallstreetbets,,0,1,[removed],wallstreetbets,"15000 Robinhood users bought HTZ stock today, bringing it above the price at which it declared bankruptcy",2020-06-08
2020-06-08 19:52:58,ikantsleep,1591642378,self.wallstreetbets,,2,1,[removed],wallstreetbets,"GNC = HTZ: On Verge of Bankruptcy, Incoming 385% Gains",2020-06-08
2020-06-08 20:57:57,tvysbits,1591646277,self.wallstreetbets,,0,1,[removed],wallstreetbets,Thoughts on $HTZ Hertz puts?,2020-06-08
2020-06-08 21:22:51,[deleted],1591647771,i.redd.it,,0,1,[deleted],wallstreetbets,"Thank you WSB gods. LUV, BA, HTZ, MCD and Ford calls.",2020-06-08
2020-06-08 21:25:16,quiethandle,1591647916,self.wallstreetbets,,0,1,[removed],wallstreetbets,Buy Hertz (HTZ) - up 700% in the last 5 days,2020-06-08
2020-06-08 21:50:46,chibears20,1591649446,self.wallstreetbets,,0,1,[removed],wallstreetbets,How far do you think HTZ can run?,2020-06-08
2020-06-08 22:01:16,gfrazer911,1591650076,self.wallstreetbets,,0,1,[removed],wallstreetbets,HTZ Autism,2020-06-08
2020-06-08 23:18:24,yappyyapyap,1591654704,i.redd.it,,0,1,,wallstreetbets,HTZ wtf?,2020-06-08
2020-06-09 00:15:18,Flynnst0ne,1591658118,self.wallstreetbets,,0,1,[removed],wallstreetbets,Is TLRD preparing for a HTZ style takeoff?,2020-06-09
2020-06-09 00:31:21,BelfortBlizerian,1591659081,self.wallstreetbets,,0,1,[removed],wallstreetbets,Which one of you retards is behind HTZ....,2020-06-09
2020-06-09 00:49:51,RocStar629,1591660191,i.imgur.com,,0,1,,wallstreetbets,HTZ is (apparently) mostly owned by WSB at this point. We might as well all double down. Whoever looses the most gets to go to the meeting of the creditors... To the MOON ðŸš€ ðŸš€ ðŸš€,2020-06-09
2020-06-09 00:54:50,empty_stack_engineer,1591660490,self.wallstreetbets,,0,1,[removed],wallstreetbets,Will HTZ reach $10 tomorrow?,2020-06-09
2020-06-09 01:22:47,[deleted],1591662167,self.wallstreetbets,,0,1,,wallstreetbets,Is there any valid reason for $HTZ price action?,2020-06-09
2020-06-09 01:47:56,empty_stack_engineer,1591663676,self.wallstreetbets,,0,1,[removed],wallstreetbets,HTZ over/under $9 tomorrow?,2020-06-09
2020-06-09 02:04:43,[deleted],1591664683,self.wallstreetbets,,2,1,,wallstreetbets,It's time to reverse direction on HTZ. Buying puts tomorrow. The bill WILL come due...,2020-06-09
2020-06-09 02:13:55,Swol_Braham,1591665235,self.wallstreetbets,,0,2,[removed],wallstreetbets,"Missed out on HTZ, AMC, and LTM?? Donâ€™t Miss TLRD",2020-06-09
2020-06-09 02:18:13,reddit_schmeddit,1591665493,reddit.com,,0,1,,wallstreetbets,Free money on HTZ options! Who wants to be the next 1R0NYMAN?,2020-06-09
2020-06-09 02:42:31,[deleted],1591666951,self.wallstreetbets,,0,1,,wallstreetbets,"Missed on HTZ, AMC, and LTM, then you wonâ€™t want to miss TLRD",2020-06-09
2020-06-09 02:50:36,ajanp,1591667436,self.wallstreetbets,,50,33,"https://robintrack.net/popularity_changes?hoursAgo=24&amp;relative=false&amp;changeType=increases


So Icahn sold his stake for a $1.8B loss. Seems like there were over 520 million shares traded today (average volume is about 38 million shares) so something bout to pop. Either some really smart people know something shady about how the massive debt pile HTZ is holding onto goes poof, there's a whole lotta retail money pumping this up all in one day (unlikely but possible), or some savior has swooped in to buy this up (maybe AMZN got bored of those grey vans).

Positions: With such massive volatility and the movement after hours gonna sell some credit spreads at the open to see what happens.",wallstreetbets,HTZ: Robinhood presses undo for Icahn,2020-06-09
2020-06-09 03:59:40,Swol_Braham,1591671580,self.wallstreetbets,,0,1,[removed],wallstreetbets,TLDR is the next HTZ and AMC,2020-06-09
2020-06-09 04:40:37,justinhendrix,1591674037,self.wallstreetbets,,0,1,[removed],wallstreetbets,HTZ to the moon,2020-06-09
2020-06-09 05:00:48,empty_stack_engineer,1591675248,i.redd.it,,0,1,,wallstreetbets,HTZ 5c 06/19 22k YOLO,2020-06-09
2020-06-09 05:09:13,YouOnlyLiveThrice333,1591675753,i.redd.it,,0,1,,wallstreetbets,22k YOLO on HTZ 5c 06/19,2020-06-09
2020-06-09 06:32:07,[deleted],1591680727,self.wallstreetbets,,0,1,,wallstreetbets,Can Someone please explain what happened to HTZ?,2020-06-09
2020-06-09 11:13:46,[deleted],1591697626,self.wallstreetbets,,0,1,[deleted],wallstreetbets,"If you wanna know why investors are still buying HTZ and CCL, watch this documentary from 47:01 onwards.",2020-06-09
2020-06-09 13:50:37,KeithK79,1591707037,self.wallstreetbets,,1,1,[removed],wallstreetbets,"Hello kids, so what is everyone YOLOing today? More airlines or are we still stuck on HTZ?",2020-06-09
2020-06-09 14:00:32,BlazeVortex99,1591707632,i.redd.it,,0,1,,wallstreetbets,Hehe bankrupt car company go brrr (HTZ),2020-06-09
2020-06-09 17:24:07,Servletless,1591719847,self.wallstreetbets,,0,1,[removed],wallstreetbets,"free money in HTZ options, what am I missing?",2020-06-09
2020-06-09 17:25:16,Servletless,1591719916,self.wallstreetbets,,0,1,[removed],wallstreetbets,HTZ short against synthetic long,2020-06-09
2020-06-10 12:45:24,autistic_IRL,1591789524,self.wallstreetbets,,0,1,[removed],wallstreetbets,I bought HTZ $4.30 25% of my portfolio,2020-06-10
2020-06-10 15:05:59,aldotheapacheee,1591797959,self.wallstreetbets,,0,1,[removed],wallstreetbets,Why isnâ€™t my HTZ put printing?,2020-06-10
2020-06-10 16:26:55,Psychedeliclover122,1591802815,i.redd.it,,1,1,,wallstreetbets,YOLO on my first option trade ever. I literately had no idea what I was doing. I just saw my contracts worth a penny and then they were worth something so I sold out real fast. Bought $3 and $2.5 HTZ Puts expiring Friday. What happened?,2020-06-10
2020-06-10 17:30:14,HornetsAreBad,1591806614,self.wallstreetbets,,27,31,[removed],wallstreetbets,[DD] If you have Hertz (HTZ) get out TODAY,2020-06-10
2020-06-10 21:27:45,MinimumTooth1,1591820865,self.wallstreetbets,,6,0,[removed],wallstreetbets,Letâ€™s all buy HTZ and make the price go up,2020-06-10
2020-06-11 07:17:06,[deleted],1591856226,self.wallstreetbets,,1,1,,wallstreetbets,What will happen to HTZ if delisting goes through? Will the stock drop to zero and HTZQ be listed on the OTC? Or will all holdings of HTZ be automatically converted to HTZQ?,2020-06-11
2020-06-11 07:23:56,_mirooo,1591856636,self.wallstreetbets,,20,12,[removed],wallstreetbets,What will happen to HTZ if delisting goes through?,2020-06-11
2020-06-11 12:46:06,[deleted],1591875966,self.wallstreetbets,,1,1,,wallstreetbets,HTZ Or MGM Puts?,2020-06-11
2020-06-11 13:34:44,Extempora,1591878884,self.wallstreetbets,,0,1,[removed],wallstreetbets,$HTZ delisted by monday according to will meade.,2020-06-11
2020-06-11 14:00:42,[deleted],1591880442,i.redd.it,,1,1,[deleted],wallstreetbets,"Recovered from all of my coronavirus losses, only to lose it again in $HTZ (1k loss in a day)",2020-06-11
2020-06-11 17:43:38,nkunzithebull,1591893818,i.redd.it,,0,1,,wallstreetbets,Yolo to my last $2 on HTZ,2020-06-11
2020-06-11 17:54:11,[deleted],1591894451,seekingalpha.com,,0,1,[deleted],wallstreetbets,Where the HTZ bagholders at?,2020-06-11
2020-06-11 17:57:10,[deleted],1591894630,seekingalpha.com,,0,1,[deleted],wallstreetbets,Where the HTZ bagholders at?,2020-06-11
2020-06-11 18:56:27,[deleted],1591898187,markets.businessinsider.com,,1,1,[deleted],wallstreetbets,Hertz insiders sell shares during post-bankruptcy 1450% rally fueled by Robinhood traders (HTZ),2020-06-11
2020-06-11 23:22:59,FantasticEconomy,1591914179,v.redd.it,,6,102,,wallstreetbets,HTZ REST IN POWER!,2020-06-11
2020-06-12 00:52:25,EFYOURFEELINGS,1591919545,twitter.com,"{'content': '&lt;blockquote class=""twitter-video""&gt;&lt;p lang=""en"" dir=""ltr""&gt;&lt;a href=""https://twitter.com/search?q=%24HTZ&amp;amp;src=ctag&amp;amp;ref_src=twsrc%5Etfw""&gt;$HTZ&lt;/a&gt; literally asking permission to steal money &lt;a href=""https://t.co/IbBHkNBqT6""&gt;https://t.co/IbBHkNBqT6&lt;/a&gt;&lt;/p&gt;&amp;mdash; Q (@evdefender) &lt;a href=""https://twitter.com/evdefender/status/1271209528126844928?ref_src=twsrc%5Etfw""&gt;June 11, 2020&lt;/a&gt;&lt;/blockquote&gt;\n&lt;script async src=""https://platform.twitter.com/widgets.js"" charset=""utf-8""&gt;&lt;/script&gt;\n', 'height': 200, 'scrolling': False, 'width': 350}",0,1,,wallstreetbets,$HTZ SEEKS PERMISSION TO STEAL MONEY,2020-06-12
2020-06-12 01:06:20,boyamil,1591920380,i.redd.it,,0,1,,wallstreetbets,HTZ BUY MORE ROBINHOOD USERS!,2020-06-12
2020-06-12 01:30:15,CrispyRhinoceros,1591921815,i.redd.it,,0,1,,wallstreetbets,$HTZ debtors want to join the ranks of you autists,2020-06-12
2020-06-12 04:58:23,isellgoodqualitygood,1591934303,i.redd.it,,1,1,,wallstreetbets,Maybe HTZ call holders werenâ€™t so retarded after all... if this actually goes through,2020-06-12
2020-06-12 05:18:38,helmetless_stig,1591935518,i.imgur.com,,1,1,,wallstreetbets,One of us. HTZ 6/30 20c,2020-06-12
2020-06-12 10:12:22,Dankbradley,1591953142,i.redd.it,,0,2,,wallstreetbets,$HTZ hit the fan,2020-06-12
2020-06-12 11:37:11,karusmeister,1591958231,self.wallstreetbets,,20,28,[removed],wallstreetbets,HTZ grabbing cash from Robinhood,2020-06-12
2020-06-12 14:04:55,patrickbateman02,1591967095,self.wallstreetbets,,82,138,[removed],wallstreetbets,Cramer is crying about HTZ being pumped up,2020-06-12
2020-06-12 17:36:18,business2690,1591979778,self.wallstreetbets,,60,31,"[https://www.deb.uscourts.gov/sites/default/files/moveit/MFW.html](https://www.deb.uscourts.gov/sites/default/files/moveit/MFW.html)

&amp;#x200B;

3 pm Judge has hearing on whether or not HTZ can drop a billion dollars worth of paper on some person.

&amp;#x200B;

should impact price.

&amp;#x200B;

place your bets!",wallstreetbets,"Legal, actionable, non-BS info about HTZ. With enough time to act on it",2020-06-12
2020-06-12 19:13:33,VeryIgnorantPenis,1591985613,i.redd.it,,1,1,,wallstreetbets,"Hate on Hertz all you want. I cashed in on $HTZ and am watching all the analysts I have great respect for respected call me nuts. To quote the late Kenny Rogers, know when to fold em. The game is changing and we all need to understand that. Good luck to all traders.",2020-06-12
2020-06-12 21:19:38,[deleted],1591993178,self.wallstreetbets,,0,1,,wallstreetbets,$HTZ equity offering,2020-06-12
2020-06-12 21:25:27,gotem232,1591993527,i.redd.it,,1,1,,wallstreetbets,HTZ Stock Issuance approved by bankruptcy judge. Robinhood investors actually pulled Hertz out of bankruptcy ðŸ¤¯,2020-06-12
2020-06-12 21:27:38,gotem232,1591993658,streetinsider.com,,1,1,,wallstreetbets,Hertz Global (HTZ) Wins Approval for Stock Sale from Bankruptcy Judge - Bloomberg,2020-06-12
2020-06-12 21:47:43,isap66,1591994863,cnbc.com,,0,1,,wallstreetbets,We made it !! $HTZ,2020-06-12
2020-06-12 22:44:13,[deleted],1591998253,i.redd.it,,0,1,[deleted],wallstreetbets,yâ€™all are fucking dumb as shit lmfao $HTZ,2020-06-12
2020-06-12 22:54:39,JedidiahLemen,1591998879,self.wallstreetbets,,32,7,"Bought a boatload of HTZ puts recently, but their Greeks are very low and their price action is odd. Can anybody explain what loser Greeks means for an option? Is it going to be more muted even if HTZ tanks or soars?",wallstreetbets,HTZ Puts,2020-06-12
2020-06-12 23:34:17,[deleted],1592001257,v.redd.it,,1,1,[deleted],wallstreetbets,"Robinhood users aka r/wsb walking away after playing off wall street pros with airlines, cruises and HTZ",2020-06-12
2020-06-12 23:36:35,[deleted],1592001395,v.redd.it,,1,1,[deleted],wallstreetbets,"r/wsb walking away after playing off wall street pros with airlines, cruises and HTZ",2020-06-12
2020-06-12 23:39:01,[deleted],1592001541,v.redd.it,,1,1,[deleted],wallstreetbets,"wsb autists walking away after playing off wall street pros with HTZ, cruises &amp; airlines",2020-06-12
2020-06-13 02:39:34,please-put-in-trash,1592012374,imgur.com,"{'content': '&lt;iframe class=""embedly-embed"" src=""https://cdn.embedly.com/widgets/media.html?src=https%3A%2F%2Fimgur.com%2Fa%2F5Avx7DM%2Fembed%3Fpub%3Dtrue%26ref%3Dhttps%253A%252F%252Fembed.ly%26w%3D900&amp;display_name=Imgur&amp;url=https%3A%2F%2Fimgur.com%2Fa%2F5Avx7DM&amp;image=https%3A%2F%2Fi.imgur.com%2F5s3OARm.jpg%3Ffb&amp;key=ed8fa8699ce04833838e66ce79ba05f1&amp;type=text%2Fhtml&amp;schema=imgur"" width=""600"" height=""1339"" scrolling=""no"" title=""Imgur embed"" frameborder=""0"" allow=""autoplay; fullscreen"" allowfullscreen=""true""&gt;&lt;/iframe&gt;', 'height': 1339, 'scrolling': False, 'width': 600}",1,1,,wallstreetbets,"Autist buys first options ever - SPY $297p - and trips over tendies... but not a lot because heâ€™s a paper handed pussy. Also, see HTZ. Full Autist.",2020-06-13
2020-06-13 03:03:33,JL3_,1592013813,self.wallstreetbets,,163,56,"Hertz, a ***bankrupt company***, just rallied 30% today after announcing its intention to ***dilute*** its current shareholders to raise cash.

This shouldn't be happening, you say? Autistic Robinhooders playing hold my bags until the inevitable plummet to 0, you say?

**Not necessarily.** In reality Hertz may have set in a motion a series of events that could just let it cruise out of bankruptcy and soar way above the current share price.

And this is how. According to Bloomberg:

***"" Several sets of unsecured Hertz bonds soared after the ruling, with the 5.5% notes due 2024 jumping almost 13 cents on the dollar to 48.5 cents -- their best level in almost two months ""***

So basically, by getting permission to sell its bankrupt shares to raise cash, Hertz has become ***considerably more attractive to future lenders since HTZ now has a massive potential source of cash flow /collateral created out of thin air.***

So this is what happens. When a company's borrowing costs (bond yields) **decrease**, its share price **increases** as a general rule. So to put it into perspective:

HTZ shares rally---&gt; borrowing costs decrease ---&gt;HTZ shares rally as a result ----&gt; borrow costs decrease-----&gt;repeat and recycle. **In WSB terms, Hertz can now have future lenders hold the bags while using the collective autism of Robinhood as their collateral.**

When HTZ was above $5.00 the bond markets (lenders) gave no fucks. HTZ is bankrupt, they said, they're not allowed to issue shares anyway, they said, it's against the rules and it's never been done before. **Well guess what? The courts just decided they can. Hertz keeps on getting away with it**

And so on and so forth. Could all shareholders be wiped out? Yes, there's a decent possibility. But if Hertz can somehow take advantage of both the equity and bond markets, it could conceivably just roll over its debt, get out of bankruptcy relatively scott free and ***become a much more efficient business in the aftermath. This has never been done before. We are in uncharted territory.***

Good luck, fellow autists.",wallstreetbets,Why the Hertz rally suddenly makes perfect sense. HTZ 11c September,2020-06-13
2020-06-13 10:37:48,jakewz2424,1592041068,self.wallstreetbets,,799,128,"New to trading and invested 10k in HTZ since everyone else was buying it. Don't really know much about the stock market but bought at $3.47. did I lose my money or am I the next Jeff bezos?

*Try giving some advice instead of calling me autistic and a retard*

[proof](http://imgur.com/gallery/5cfA7fb)",wallstreetbets,Bought 10k worth of HTZ at $3.47. Am I screwed?,2020-06-13
2020-06-13 11:54:14,Ledovi,1592045654,marketwatch.com,,0,1,,wallstreetbets,HTZ will be delisted from NYSE &amp; available only OTC,2020-06-13
2020-06-13 14:33:02,cenaluc,1592055182,self.wallstreetbets,,23,13,"I was trying to quantify the stupidity of this market, looking at the trading volume of HTZ.

Yesterday volume was above 285M, it means stocks were traded for a total value above 600M USD.
I did not expect this value, not for a chapter 11 company traded ""only"" by RH users, in one day. 

It seems to me very difficult, Robintrack shows user holding at 170K. 4000USD each, assuming that 100% of the RH holders perform one trade. I know RH is not the only platform but come on.... I cannot believe it.

What do you economy experts think?
Do you think it is possible that only retail is into this game with so high values?",wallstreetbets,HTZ stock volume vs RH holders,2020-06-13
2020-06-13 15:37:56,Sekrah,1592059076,self.wallstreetbets,,150,106,[removed],wallstreetbets,Going all in on HTZ,2020-06-13
2020-06-13 16:16:37,MacaroniThatCheese,1592061397,self.wallstreetbets,,0,1,[removed],wallstreetbets,LONGGG on HTZ; Here's what you're missing.,2020-06-13
2020-06-13 19:37:26,Mexican111,1592073446,self.wallstreetbets,,28,5,"HTZ doesn't know how good of a position it's in. Or maybe it does...

With the WuFlu nuking global trade volumes, the cost to import parts from China is completely broken. Not enough excess capacity on tankers, less tankers running, cascading into air freight ex... 

USMCTA would have put a bullet in the entire parts conduit through Cdn/Mex market to bypass existing tariffs anyway. 

Back to HTZ, they are holding a fuck load of used cars. Normally making a good chunk on the sale of these. Demand for cars was already dropping globally. As the new car market demand dries up and people spending power drops. Selection on new cars is gonna go from 8 vehicles at a dealership to 3-4. 

HTZ inventory is going to sky rocket. After they sell off large portions of international inventory. They will also be in a perfect position to get deals from car manufacturers. Since they are one of the few bulk customers left. I could see a great opportunity to shift to Tesla.... To include rental of Elons new Semi's to businesses.

It's all sunshine and rainbow at HTZ... Enterprise however, they're over their skie.",wallstreetbets,HTZ just needs some exercise,2020-06-13
2020-06-13 20:48:02,[deleted],1592077682,i.redd.it,,0,1,[deleted],wallstreetbets,Be the Arby's kid. Full capital positions on HTZ will be your huckleberry.,2020-06-13
2020-06-13 22:28:50,[deleted],1592083730,i.redd.it,,0,1,[deleted],wallstreetbets,My non Robinhood Hertz experience $HTZ,2020-06-13
2020-06-14 14:09:24,ProfessorPhillyCPL,1592140164,imgur.com,,0,1,,wallstreetbets,"""I just bought $HTZ for $6 after this tweet""",2020-06-14
2020-06-14 17:07:36,walmartgreeter123,1592150856,self.wallstreetbets,,1,1,[removed],wallstreetbets,HTZ puts or nah?,2020-06-14
2020-06-14 17:11:00,walmartgreeter123,1592151060,self.wallstreetbets,,1,1,[removed],wallstreetbets,HTZ puts or nah?,2020-06-14
2020-06-15 00:33:04,DREAMWallStreet,1592177584,self.wallstreetbets,,0,1,[removed],wallstreetbets,For all you RH traders looking to trade HTZ. This is what the $1B sale means,2020-06-15
2020-06-15 03:41:52,Bigmealplantime,1592188912,self.wallstreetbets,,4,0,[removed],wallstreetbets,Serious talk - who's selling HTZ puts?,2020-06-15
2020-06-15 16:13:05,bankingisdope,1592233985,v.redd.it,,0,1,,wallstreetbets,$HTZ with a huge thank you to Robinhood Investors,2020-06-15
2020-06-15 17:02:43,[deleted],1592236963,self.wallstreetbets,,1,1,,wallstreetbets,"If we have hit a sideways market, what are some of your best plays for the coming weeks? Not looking for ignorant responses like NKLA or HTZ.",2020-06-15
2020-06-15 17:16:40,CyberCurrency,1592237800,i.redd.it,,0,1,,wallstreetbets,HTZ bag holders right now,2020-06-15
2020-06-15 18:14:15,Swiftly499,1592241255,self.wallstreetbets,,32,1,[removed],wallstreetbets,Fledging autist needs help shorting HTZ,2020-06-15
2020-06-15 19:05:51,[deleted],1592244351,i.redd.it,,0,1,[deleted],wallstreetbets,$HTZ,2020-06-15
2020-06-15 20:13:23,brentis,1592248403,cnbc.com,,0,1,,wallstreetbets,But there's a chance. $HTZ,2020-06-15
2020-06-15 22:40:37,Trance2000,1592257237,self.wallstreetbets,,2,1,[removed],wallstreetbets,Calling all HTZ autists,2020-06-15
2020-06-15 22:59:05,devintravels23,1592258345,self.wallstreetbets,,0,1,[removed],wallstreetbets,"In the money on 6/19 Hertz HTZ Puts, sell or hold for more?",2020-06-15
2020-06-16 01:00:46,rh_amateur,1592265646,i.redd.it,,0,1,,wallstreetbets,The bear market lasted as long as HTZâ€™s bankruptcy. Too late for JPow to run for prez?,2020-06-16
2020-06-16 01:12:15,Saint_Carson,1592266335,self.wallstreetbets,,1,1,[removed],wallstreetbets,HTZ cover calls?,2020-06-16
2020-06-16 01:52:43,Saint_Carson,1592268763,self.wallstreetbets,,2,1,[removed],wallstreetbets,HTZ call,2020-06-16
2020-06-16 03:02:10,iamemperor86,1592272930,/r/wallstreetbets/comments/h9u77d/htz_puts_2_strike/,,2,1,,wallstreetbets,$HTZ Puts $2 Strike,2020-06-16
2020-06-16 03:11:33,JamesTKirk2020,1592273493,self.wallstreetbets,,2,1,[removed],wallstreetbets,How can I purchase the new HTZ BPO stocks? Will WeBull offer them?,2020-06-16
2020-06-16 03:17:55,Resone1,1592273875,self.wallstreetbets,,19,1,"Youâ€™re gonna like the way your tendies look, I guarantee it. Tailored brands is horse shit wrapped in dog shit and everyone knows it. Sales in the toilet, No one is buying suits while WFH, Majority of their locations are in shopping malls, ticker sounds like turd, and again they are fucking steaming pile of dog shit.

This is the next HTZ, and if there is anything Iâ€™ve learned about this market, is that horse shit wrapped in dog shit is just gold in disguise.

But what does that mean for my tendies...? It means these guys are in debt up the bears asshole, and with the feds buying up those yummy triple F bonds these guys will fucking moon. 

Dump your SPY, dump your TSLA, dump your girlfriend...all in TLRD!

TLRD $2c 7/17",wallstreetbets,HTZ 2.0: TLRD,2020-06-16
2020-06-16 03:51:39,ejobit,1592275899,self.wallstreetbets,,9,1,"Just decided to bounce over to /[investing](https://www.reddit.com/r/investing/new/) and the 1st post I see is someone asking how to buy the new HTZ shares that are going to be sold.

I shit you not - The below image is what was said. This was actually typed into reddit:

""Hertz said in the Friday filing that if any sales of the stock are made, they will be made ""by any method permitted by law.""  

 https://imgur.com/TUqvSSq 

Link to post",wallstreetbets,HTZ has gone gansta,2020-06-16
2020-06-16 06:40:51,GoochTainter,1592286051,self.wallstreetbets,,2,1,[removed],wallstreetbets,Could my HTZ 1.5p 6/19 options possibly go tits up?,2020-06-16
2020-06-16 07:01:19,Saint_Carson,1592287279,self.wallstreetbets,,16,1,Iâ€™ve seen that it would be a good choice to get a 6/19-6/26 call of HTZ. I was wondering if I should double down or itâ€™s just a waste of money. Thoughts?,wallstreetbets,HTZ call,2020-06-16
2020-06-17 10:38:19,dont_know_howitworks,1592386699,finance.yahoo.com,,0,1,,wallstreetbets,Someone is pissed he didnâ€™t buy HTZ,2020-06-17
2020-06-17 15:55:39,[deleted],1592405739,self.wallstreetbets,,1,1,,wallstreetbets,Which one of you retards is pump HTZ?,2020-06-17
2020-06-17 16:57:00,[deleted],1592409420,self.wallstreetbets,,0,1,,wallstreetbets,$XOG the new $HTZ?,2020-06-17
2020-06-17 17:05:06,[deleted],1592409906,self.wallstreetbets,,0,1,,wallstreetbets,Is $XOG the new $HTZ,2020-06-17
2020-06-17 17:07:12,LiberalMedia42069,1592410032,self.wallstreetbets,,15,1,"So I was looking through Financial Times and an interesting article on XOG came up.

Basically they skip out on an interest payment on bonds and then file for Chapter 11. Overall their business seems like the biggest impact was driven by COVID and ensuing drop in demand, impacted also by the oil price war and just couldn't hang on long enough.

Interesting point to me is that it looks like they're not closing the place and selling off the assets to pay their creditors. It looks like they're just transferring ownership of the company to the creditors and keeping the company trading.

I can't imagine their creditors would be willing to be bought off using stocks in a company that they thought was worthless, so looks to me like there could be a turnaround on the horizon for XOG.",wallstreetbets,Is XOG the new HTZ,2020-06-17
2020-06-17 17:30:49,Nitetime6969,1592411449,self.wallstreetbets,,1,1,[removed],wallstreetbets,HTZ ded? Has been frozen in time at $1.94 for 55 mins on RH,2020-06-17
2020-06-17 17:41:32,deveien,1592412092,self.wallstreetbets,,0,1,[removed],wallstreetbets,Someone willing to stop HTZâ€™s fraudulent new offering?,2020-06-17
2020-06-17 17:58:33,skullcrusherajay,1592413113,self.wallstreetbets,,1,1,[removed],wallstreetbets,My HTZ $2 puts expiring 06/19,2020-06-17
2020-06-17 19:02:56,DrHeadBeeGuy,1592416976,self.wallstreetbets,,1,1,[removed],wallstreetbets,$HTZ death knell,2020-06-17
2020-06-17 19:25:56,Hyhacz,1592418356,i.redd.it,,0,1,,wallstreetbets,Don't fucking tell me that $HTZ is going full retard again. It's pure gambling now.,2020-06-17
2020-06-17 19:26:54,Hyhacz,1592418414,i.redd.it,,0,1,,wallstreetbets,$HTZ memeing again? It's pure gambling at this point.,2020-06-17
2020-06-17 19:39:08,Savik519,1592419148,cnbc.com,,1,1,,wallstreetbets,SEC has comments for HTZ,2020-06-17
2020-06-17 20:34:01,rvanasty,1592422441,self.wallstreetbets,,1,1,[removed],wallstreetbets,Wouldnt Warren Buffet logic tell me to buy tf out of HTZ while all you pussies are scared rn?,2020-06-17
2020-06-17 21:07:03,Layer_3,1592424423,self.wallstreetbets,,1,1,[removed],wallstreetbets,Why shouldn't we buy Puts on HTZ???,2020-06-17
2020-06-18 05:53:46,soozler,1592456026,self.wallstreetbets,,91,1,"Jerome ""Brrrrrrrrr"" Powell, has made it clear that there is no level of acceptable risk allowed in the market. This is the only way ensure that stocks only go up (the mandate of the fed.)

In order to get access to the money printer two things need to be true.

1) The underlying needs to be absolute garbage. 
2) Enough people must have their life savings in said garbage; that a failure would result in the perception that stonks don't always go up. 


this can't go tits up. 

(Mods, this is satire on fed policy not a pump and dump scheme)",wallstreetbets,HTZ is only risky because we aren't buying enough of it.,2020-06-18
2020-06-18 12:55:03,NineteenSixtySix,1592481303,self.wallstreetbets,,2,1,[removed],wallstreetbets,[Discussion] What's the craziest thing that could happen to Hertz (HTZ) in the next month?,2020-06-18
2020-06-18 16:18:24,hanudu,1592493504,self.wallstreetbets,,32,6,"Just flashed across my screen a few minutes ago- see HTZ highlighted below.  Selling 500 jan 2022 $5 strike calls a 40 cents

Guess seller's saying why not sell these calls at 40 cents when the company itself wanted to sell stock way below $5.  Can someone please tell me the risk in this trade

&amp;#x200B;

https://preview.redd.it/unhe0pycqo551.png?width=1593&amp;format=png&amp;auto=webp&amp;s=0d19c71b7fbb0de682cea0c2614396c73c9c01ee",wallstreetbets,HTZ collecting 40 cents by selling the jan 2022 5 strike calls,2020-06-18
2020-06-18 19:10:31,wutitdue,1592503831,self.wallstreetbets,,7,0,Norwegian Air Shuttle $NWARF is almost certainly a HTZ in the making - bound for bankruptcy.  How many robinhood pump and dumpers will YOLO on this one?,wallstreetbets,HTZ 2.0 YOLO - NWARF,2020-06-18
2020-06-19 05:48:37,420MF619,1592542117,i.redd.it,,0,1,,wallstreetbets,RH marketing so ANYONE can buy some HTZ stock,2020-06-19
2020-06-19 05:54:53,420MF619,1592542493,i.redd.it,,0,1,,wallstreetbets,RH advertising so ANYONE can buy some HTZ stock with their next stimulus check.,2020-06-19
2020-06-19 14:13:26,escortmelaniatrump,1592572406,self.wallstreetbets,,0,1,[removed],wallstreetbets,PG&amp;E ($PCG) Exiting Bankruptcy Today and HERTZ (HTZ) Staying In Bankruptcy,2020-06-19
2020-06-19 14:13:54,CivilRightsLawyer,1592572434,self.wallstreetbets,,14,1,"So, you got fucked by beer flu?  Welcome to the club.  Donâ€™t fuck Joe-Q stonk holder over when we KNOW JPOW is buying up all those bonds that fuckface nerd ass bond holders made you go into wanky banky for.

You are a red blooded 100 year old American company that was started by a Ford salesman.  Ur as American as you get (buying a bunch of foreign cars for your fleet aside).  Donâ€™t screw stonk holders over.  We want you to succeed!

As for DD, rented a car from Hertz a few weeks ago and the dude told me what was up.  Hertz was fine in Jan, so fine that they bought a shit ton of 2020 cars to make the people happy.   Beer flu is asshole.  Everyone fired.   Canâ€™t cover new car payments (or something).  Beer flu went bye flu.  Now they are hiring everyone back and the cars are flying off the lots because no one wants to fly or take mass transit.

I don't know jack about wanky banky because I'm not a total failure yet (obviously), can't you just take it back or something?

Position: bought stonk at 3 casue it was cheap, and fuck, look what happened to AMC when you bought that shit at 2.

Bull prayer (execute) PAPA ELON and UNCLE TRUMP, donâ€™t let Hertz die!

tldr: all you cunts dunkin' on Hertz sound like a bunch of assholes and I hope your puts turn to fuckin' dust.",wallstreetbets,HTZ! Iâ€™m with ya! Donâ€™t be asshole!,2020-06-19
2020-06-20 00:52:34,SummertimeInParis,1592610754,i.redd.it,,0,1,,wallstreetbets,"HTZ is a low risk, great long term stock. Take my advice",2020-06-20
2020-06-20 08:05:11,find_your_zen,1592636711,i.redd.it,,0,1,,wallstreetbets,HTZ bag holders be like,2020-06-20
2020-06-22 21:37:28,moistsoggybiscuit,1592858248,self.wallstreetbets,,0,1,[removed],wallstreetbets,What are potential pitfalls to shorting HTZ right now?,2020-06-22
2020-06-24 14:26:31,patrickbateman02,1593005191,self.wallstreetbets,,2,1,[removed],wallstreetbets,Someone is pumping HTZ again,2020-06-24
2020-06-24 14:28:19,patrickbateman02,1593005299,self.wallstreetbets,,3,1,"Up 29% pre market

You gotta love this level of autist ðŸ˜‚  

Also SEc is a fucking joke to let this shit go on cause you know 90% of people buying donâ€™t know this stock has a 99.9999% of being worthless 

In before someone says so youâ€™re saying thereâ€™s a chance !",wallstreetbets,Someone is pumping HTZ again,2020-06-24
2020-06-24 15:35:15,fatlosses-,1593009315,self.wallstreetbets,,0,1,[removed],wallstreetbets,How are the bears holding HTZ puts doing ?,2020-06-24
2020-06-24 16:05:19,Sleepyallthetimelol,1593011119,i.imgur.com,,1,1,,wallstreetbets,Per WSB Daily Discussion- YOLO HTZ CALLS,2020-06-24
2020-06-24 17:17:08,neonpilot,1593015428,i.redd.it,,1,2,,wallstreetbets,Buy AAL at the dip they said. It'll go up they said. Time to drown my sorrows in HTZ!!!,2020-06-24
2020-06-24 17:38:00,okie7433,1593016680,i.redd.it,,0,1,,wallstreetbets,"3 calls, HTZ-SNAP-INO",2020-06-24
2020-06-24 19:53:53,[deleted],1593024833,self.wallstreetbets,,1,1,,wallstreetbets,HTZ- sold the Jan 2022 $1.5 put at $1.2,2020-06-24
2020-06-24 20:02:27,hanudu,1593025347,self.wallstreetbets,,12,3,[removed],wallstreetbets,HTZ low conviction long- play sold 1000 jan 2022 $1.5 put at $1.20,2020-06-24
2020-06-25 01:32:13,urbana0414,1593045133,i.redd.it,,1,1,,wallstreetbets,HTZ part 2... It's Happening Again (feat. GNC),2020-06-25
2020-06-25 02:00:59,urbana0414,1593046859,i.redd.it,,0,1,,wallstreetbets,HTZ Part 2... (feat. GNC),2020-06-25
2020-06-25 02:22:49,kelacorinc,1593048169,cnn.com,,0,1,,wallstreetbets,"$GNC to the moon. Close out your $HTZ positions, thereâ€™s a new player in town.",2020-06-25
2020-06-25 20:04:25,Sillypuss,1593111865,self.wallstreetbets,,14,1,"Hey idiots, do you want to help yourself and make some money? GNC is pretty cheap again. Go buy some high delta calls expiring 7/17...and here what we know and what we are gonna do:

  1. we know for a fact that retail investors are looking for the next big thing after a week of getting spanked.  

  2. GNC might be bought out by a Chinese company: https://www.nasdaq.com/market-activity/stocks/gnc/sec-filings check the filing from yesterday. 

By my estimation its enough to prop up the stock to a 10 bagger, if this news of the acquisition get out.

...Here is what we are gona do, go to every one of these ""gurus"" on TikTok, twitter, YouTube, and post on their page and ask them to talk about the bankruptcy and the acquisition, and profit!

""Hey can you talk about whats happening with GNC? They are going bankrupt but are also getting acquired by a Chinese company, might be big money there.""

Hedge funds do this shit all the time, why can't our idiot fund do the same.",wallstreetbets,GNC: Here is how we can get a HTZ 2.0,2020-06-25
2020-06-25 21:05:31,Santiago6583,1593115531,self.wallstreetbets,,2,1,[removed],wallstreetbets,Stop buying HTZ stocks you fucking retards,2020-06-25
2020-06-26 02:45:23,Hogz_1,1593135923,i.redd.it,,1,1,,wallstreetbets,Hopefully my HTZ calls print ðŸ¤¡ðŸ‘€,2020-06-26
2020-06-27 01:40:01,Gnarly_Sarley,1593218401,i.redd.it,,0,1,,wallstreetbets,All the Robinhood peeps when they hear about HTZ,2020-06-27
2020-06-30 02:03:53,Ilikenapkinz,1593479033,i.redd.it,,1,1,,wallstreetbets,I got a sign today from the wall street Gods. All in on HTZ 45C 7/17 confirmed!,2020-06-30
2020-06-30 03:10:11,LTJFan,1593483011,i.redd.it,,0,1,,wallstreetbets,Too late to get any of those HTZ calls?,2020-06-30
2020-06-30 22:46:51,Servletless,1593553611,self.wallstreetbets,,13,0,"So, CHK declared bankruptcy on Sunday. Fundamentals indicate the stock is worth $0.

My $5 puts should have printed to like $4.99.

But last quote on the 7/17 5p at EOD today is $1.35 Bid / $1.85 Ask, valuing the worthless stock around $4!

What's next? CHKAQ back to $30?",wallstreetbets,CHKAQ is the next HTZ!,2020-06-30
2020-07-01 09:02:03,FireteamBravo3,1593590523,i.redd.it,,0,1,,wallstreetbets,Which One of Yalls Car is This? $HTZ,2020-07-01
2020-07-04 06:03:16,Tummy-stix,1593838996,self.wallstreetbets,,49,2,"Hertz is bankrupt, they have something like 18 billion dollars in debt and are currently appealing their decision to be delisted from the NYSE. 

So how is selling OTM call options at this point and collecting the premium not free money? Outside of the stock going on another meme rally in the short term, is there really any risk ? - literally canâ€™t go tits up.",wallstreetbets,Selling HTZ Calls - Literally Free Money ?,2020-07-04
2020-07-08 15:11:32,rhnewbie,1594217492,self.wallstreetbets,,0,1,[removed],wallstreetbets,The bowl circling turd $HTZ,2020-07-08
2020-07-08 20:24:30,manburgger,1594236270,i.redd.it,,0,1,,wallstreetbets,$HTZ $CHK $GNC $JCP be looking juicy ðŸ‘€,2020-07-08
2020-07-10 19:54:57,mickael1727,1594407297,self.wallstreetbets,,0,1,[removed],wallstreetbets,Anyone trading HTZ anymore?,2020-07-10
2020-07-14 19:27:09,DeadLightsOut,1594751229,i.redd.it,,2,1,,wallstreetbets,Pfffff â€œam I on wall street betsâ€!?! Heck yeah Iâ€™m on wall street bets! How else you think I got this sweet ass $94 come up!!! Dolla dolla bills yo ! Now if youâ€™ll excuse me im off to check my HTZ positions! Expect this trend to continue!,2020-07-14
2020-07-16 20:06:57,swwwarm,1594926417,imgur.com,"{'content': '&lt;iframe class=""embedly-embed"" src=""https://cdn.embedly.com/widgets/media.html?src=https%3A%2F%2Fimgur.com%2Fa%2Fqu4Tkcw%2Fembed%3Fpub%3Dtrue%26ref%3Dhttps%253A%252F%252Fembed.ly%26w%3D900&amp;display_name=Imgur&amp;url=https%3A%2F%2Fimgur.com%2Fa%2Fqu4Tkcw&amp;image=https%3A%2F%2Fi.imgur.com%2F29YRnaD.jpg%3Ffb&amp;key=ed8fa8699ce04833838e66ce79ba05f1&amp;type=text%2Fhtml&amp;schema=imgur"" width=""600"" height=""809"" scrolling=""no"" title=""Imgur embed"" frameborder=""0"" allow=""autoplay; fullscreen"" allowfullscreen=""true""&gt;&lt;/iframe&gt;', 'height': 809, 'scrolling': False, 'width': 600}",0,1,,wallstreetbets,HTZ - The signs were there...,2020-07-16
2020-07-18 01:14:41,shbm480,1595031281,self.wallstreetbets,,37,1,"In true WSB fashion, held my naked options till the very end. Was trying to play the court ruling that was scheduled 07/15 hoping it would force Hertz to liquidate all their cars but it got rescheduled to 07/24. 

[Loss](https://imgur.com/a/TiOBYCk)",wallstreetbets,Tried to have Diamond Hands But it HTZ,2020-07-18
2020-07-21 21:32:18,yourmomsbroker,1595363538,reddit.com,,0,1,,wallstreetbets,My butt might $HTZ after this...,2020-07-21
2020-07-21 21:33:07,zabumafu369,1595363587,i.redd.it,,2,1,,wallstreetbets,"He says they bought 25 vans since March and that ""December is our craziest month"" ... HTZ $20c 1/15/21",2020-07-21
2020-07-24 15:48:33,Vogon42HR,1595602113,i.redd.it,,0,1,,wallstreetbets,"Well, here we go again. Another HTZ",2020-07-24
2020-07-28 04:19:51,zcn18,1595906391,self.wallstreetbets,,2,1,[removed],wallstreetbets,no one posted about $TLRD being $HTZ 2.0 - whatâ€™s happening ??,2020-07-28
2020-07-28 04:27:40,zcn18,1595906860,self.wallstreetbets,,0,1,[removed],wallstreetbets,No one posted about $TLRD being $HTZ 2.0 ? I guess thatâ€™s not as attractive as HTZ ?,2020-07-28
2020-08-02 06:34:15,The_Rain-King,1596346455,i.redd.it,,0,1,,wallstreetbets,Worked for HTZ.,2020-08-02
2020-08-02 07:47:29,The_Rain-King,1596350849,i.redd.it,,0,1,,wallstreetbets,Worked for HTZ.,2020-08-02
2020-08-03 21:37:30,The_Rain-King,1596487050,i.redd.it,,0,1,,wallstreetbets,"It seriously would work, just look at HTZ.",2020-08-03
2020-08-03 21:39:39,The_Rain-King,1596487179,i.redd.it,,0,1,,wallstreetbets,"It could work, just look at HTZ",2020-08-03
2020-08-05 10:18:32,[deleted],1596619112,self.wallstreetbets,,2,1,,wallstreetbets,I like my girlfriend bra how I like HTZ and my reddit posts.,2020-08-05
2020-08-05 10:19:56,[deleted],1596619196,self.wallstreetbets,,2,1,[deleted],wallstreetbets,I like my girlfriends bra how I like HTZ and my reddit posts.,2020-08-05
2020-08-05 21:43:29,supreme_ns,1596660209,i.redd.it,,2,1,,wallstreetbets,Thank you to everyone who said that HTZ was going to fall. Just kidding. Up 20% (100K) at market close and definitely gaining. Fucking ez.,2020-08-05
2020-08-05 21:45:02,supreme_ns,1596660302,i.redd.it,,2,1,,wallstreetbets,Thank you to everyone who said that HTZ was going to fall. Just kidding. Up 20% at market close and definitely gaining. Fucking ez.,2020-08-05
2020-08-05 21:46:39,supreme_ns,1596660399,i.redd.it,,2,1,,wallstreetbets,Everyone said that HTZ was going to fall. Up 20% at market close and definitely gaining. Fucking ez.,2020-08-05
2020-08-05 23:17:21,supreme_ns,1596665841,i.redd.it,,0,1,,wallstreetbets,Laughing at the ones who said HTZ was going to tank. Up 20% at market close and gaining. Fucking ez.,2020-08-05
2020-08-05 23:20:58,supreme_ns,1596666058,i.redd.it,,0,1,,wallstreetbets,Laughing at everyone who said HTZ would tank. Up 20% at market close and gaining. Fucking ez.,2020-08-05
2020-08-06 00:00:37,supreme_ns,1596668437,i.redd.it,,0,1,,wallstreetbets,Laughing at everyone who said HTZ would tank. Up 20% at market close and gaining. Fucking ez.,2020-08-06
2020-08-06 12:03:11,supreme_ns,1596711791,i.redd.it,,0,1,,wallstreetbets,Laughing at everyone who said HTZ would tank. Up 20% at market close and gaining. Fucking ez.,2020-08-06
2020-08-08 16:27:26,The_Rain-King,1596900446,i.redd.it,,0,1,,wallstreetbets,It worked for HTZ.,2020-08-08
2020-08-10 19:34:35,twenty94025,1597084475,self.wallstreetbets,,18,1,"Why is HTZ up 9% today?  Earnings are next week.

I called up a could of IBs that cover(or covered) HTZ and they said most likely case is liquidation (and equity will be wiped out).

1P 1/2022

https://preview.redd.it/rl0ekl98y7g51.jpg?width=1208&amp;format=pjpg&amp;auto=webp&amp;s=1f387232a5d4b08538e9d1579cbb0f36d047ec2a",wallstreetbets,"HTZ - Why is it up, and how long can it surive?",2020-08-10
2020-08-12 22:13:15,twenty200-,1597266795,i.redd.it,,2,1,,wallstreetbets,Please die HTZ,2020-08-12
2020-08-14 16:34:28,FiFiFilms,1597419268,self.wallstreetbets,,6,1,"Breaking news!!$ 

The St Louis Cardinals of the the MLB have been quarantined for over a week. Today they will resume their season and reports are that they will be taking individual rental cars from stadium to stadium. Obvi this is fantastic news for HTZ a which should see a massive uptick in revenue. 

HTZ $10c 9/4
HTZ $50c 12/18",wallstreetbets,HTZ,2020-08-14
2020-08-14 20:22:01,Algaefarmer,1597432921,self.wallstreetbets,,10,1,"Fuck this market. DD doesn't matter, anyone who says they can predict shit is retarded. I bought HTZ as a meme stock and made money. I bought PRPL based on honest analysis that I agreed with and lost money. Buying scrabble just so I can randomly pick letters like Dave at this point.",wallstreetbets,PRPL is down but HTZ is up today,2020-08-14
